BillboardID,Latitude,Longitude,State,Campaign,UACE10,GEOID10,NAME10,NAMELSAD10,LSAD10,MTFCC10,UATYP10,FUNCSTAT10,ALAND10,AWATER10,INTPTLAT10,INTPTLON10
1569,39.48247,-76.21277,MD,,199,199,"Aberdeen--Bel Air South--Bel Air North, MD","Aberdeen--Bel Air South--Bel Air North, MD Urbanized Area",75,G3500,U,S,339740568,9829171,39.5089759,-76.303431
1791,44.64865,-123.06282,OR,,955,955,"Albany, OR","Albany, OR Urbanized Area",75,G3500,U,S,61927939,299240,44.6300901,-123.0900512
1276,42.6365,-73.7595,NY,,970,970,"Albany--Schenectady, NY","Albany--Schenectady, NY Urbanized Area",75,G3500,U,S,765883143,16255211,42.7438952,-73.7994357
1896,42.6833,-73.7841,NY,,970,970,"Albany--Schenectady, NY","Albany--Schenectady, NY Urbanized Area",75,G3500,U,S,765883143,16255211,42.7438952,-73.7994357
1807,35.0972,-106.63162,NM,,1171,1171,"Albuquerque, NM","Albuquerque, NM Urbanized Area",75,G3500,U,S,650563154,8497797,35.1433668,-106.6281382
1623,32.4,-97.2203,TX,,1900,1900,"Alvarado, TX","Alvarado, TX Urban Cluster",76,G3500,C,S,7362427,19915,32.4127254,-97.2167588
1652,35.2386,-101.8308,TX,,1927,1927,"Amarillo, TX","Amarillo, TX Urbanized Area",75,G3500,U,S,210823472,1121377,35.1975284,-101.8491365
1746,61.21873,-149.90007,AK,,2305,2305,"Anchorage, AK","Anchorage, AK Urbanized Area",75,G3500,U,S,220106755,2653412,61.1679156,-149.8471663
1840,42.21818,-83.52457,MI,,2602,2602,"Ann Arbor, MI","Ann Arbor, MI Urbanized Area",75,G3500,U,S,413224191,13556145,42.2400029,-83.6626788
1550,34.17738,-97.16705,OK,,3007,3007,"Ardmore, OK","Ardmore, OK Urban Cluster",76,G3500,C,S,30232601,76559,34.178548,-97.1416599
394,35.44277,-84.59287,TN,,3709,3709,"Athens, TN","Athens, TN Urban Cluster",76,G3500,C,S,38475362,0,35.4480261,-84.6001776
1555,33.53755,-84.36399,GA,,3817,3817,"Atlanta, GA","Atlanta, GA Urbanized Area",75,G3500,U,S,6850603579,94478701,33.8241019,-84.3318578
1633,33.451,-82.0394,GA,,4222,4222,"Augusta-Richmond County, GA--SC","Augusta-Richmond County, GA--SC Urbanized Area",75,G3500,U,S,672711450,6759556,33.487951,-81.9963776
1662,33.5106,-81.8709,SC,,4222,4222,"Augusta-Richmond County, GA--SC","Augusta-Richmond County, GA--SC Urbanized Area",75,G3500,U,S,672711450,6759556,33.487951,-81.9963776
1899,30.4282,-97.6713,TX,,4384,4384,"Austin, TX","Austin, TX Urbanized Area",75,G3500,U,S,1355711206,10911407,30.3585141,-97.761533
1690,44.77669,-117.80938,OR,,4654,4654,"Baker City, OR","Baker City, OR Urban Cluster",76,G3500,C,S,13005425,178981,44.7834763,-117.8287697
1566,39.2965,-76.50555,MD,,4843,4843,"Baltimore, MD","Baltimore, MD Urbanized Area",75,G3500,U,S,1856841121,65517539,39.2340992,-76.6477596
1572,39.30243,-76.54725,MD,,4843,4843,"Baltimore, MD","Baltimore, MD Urbanized Area",75,G3500,U,S,1856841121,65517539,39.2340992,-76.6477596
1853,39.31414,-76.53721,MD,,4843,4843,"Baltimore, MD","Baltimore, MD Urbanized Area",75,G3500,U,S,1856841121,65517539,39.2340992,-76.6477596
1359,33.1009,-86.7399,AL,,7786,7786,"Birmingham, AL","Birmingham, AL Urbanized Area",75,G3500,U,S,1372259812,10389678,33.4691067,-86.7919741
1595,33.4117,-86.9714,AL,,7786,7786,"Birmingham, AL","Birmingham, AL Urbanized Area",75,G3500,U,S,1372259812,10389678,33.4691067,-86.7919741
1681,37.2629,-81.2388,WV,,8515,8515,"Bluefield, WV--VA","Bluefield, WV--VA Urban Cluster",76,G3500,C,S,110141981,397131,37.2933958,-81.2698828
1688,43.57657,-116.27381,ID,,8785,8785,"Boise City, ID","Boise City, ID Urbanized Area",75,G3500,U,S,345932125,4830801,43.617778,-116.2920825
1727,43.66157,-116.31804,ID,,8785,8785,"Boise City, ID","Boise City, ID Urbanized Area",75,G3500,U,S,345932125,4830801,43.617778,-116.2920825
1732,43.63313,-116.2475,ID,,8785,8785,"Boise City, ID","Boise City, ID Urbanized Area",75,G3500,U,S,345932125,4830801,43.617778,-116.2920825
1754,42.37305,-71.03618,MA,,9271,9271,"Boston, MA--NH--RI","Boston, MA--NH--RI Urbanized Area",75,G3500,U,S,4852213624,202313519,42.3731315,-71.1407078
1564,42.44564,-70.96579,MA,,9271,9271,"Boston, MA--NH--RI","Boston, MA--NH--RI Urbanized Area",75,G3500,U,S,4852213624,202313519,42.3731315,-71.1407078
1934,41.17588,-73.16742,CT,,10162,10162,"Bridgeport--Stamford, CT--NY","Bridgeport--Stamford, CT--NY Urbanized Area",75,G3500,U,S,1207619271,30653249,41.0237353,-73.6944956
474,42.8771,-78.8654,NY,,11350,11350,"Buffalo, NY","Buffalo, NY Urbanized Area",75,G3500,U,S,984041144,14392126,42.9249297,-78.8236745
1610,42.8428,-78.7422,NY,,11350,11350,"Buffalo, NY","Buffalo, NY Urbanized Area",75,G3500,U,S,984041144,14392126,42.9249297,-78.8236745
234,44.46674,-73.18335,VT,,11755,11755,"Burlington, VT","Burlington, VT Urbanized Area",75,G3500,U,S,159958092,2716845,44.4740801,-73.1475961
1904,44.47883,-73.21393,VT,,11755,11755,"Burlington, VT","Burlington, VT Urbanized Area",75,G3500,U,S,159958092,2716845,44.4740801,-73.1475961
1586,34.5631,-84.9402,GA,,12457,12457,"Calhoun, GA","Calhoun, GA Urban Cluster",76,G3500,C,S,85794771,479456,34.4777308,-84.9203978
1704,40.78687,-81.37515,OH,,13375,13375,"Canton, OH","Canton, OH Urbanized Area",75,G3500,U,S,431076172,3088632,40.8278979,-81.4300862
1530,40.80004,-81.39471,OH,,13375,13375,"Canton, OH","Canton, OH Urbanized Area",75,G3500,U,S,431076172,3088632,40.8278979,-81.4300862
1239,32.5777,-95.8565,TX,,13429,13429,"Canton, TX","Canton, TX Urban Cluster",76,G3500,C,S,11408640,50125,32.5492874,-95.8689166
1639,37.7449,-89.0486,IL,,13591,13591,"Carbondale, IL","Carbondale, IL Urbanized Area",75,G3500,U,S,126016975,2566311,37.7488726,-89.0656033
1734,39.18305,-119.71818,NV,,14158,14158,"Carson City, NV","Carson City, NV Urbanized Area",75,G3500,U,S,59791662,156253,39.1555414,-119.7531213
1114,37.6964,-113.07615,UT,,14698,14698,"Cedar City, UT","Cedar City, UT Urban Cluster",76,G3500,C,S,43513592,0,37.673872,-113.049804
1907,41.97797,-91.66606,IA,,14752,14752,"Cedar Rapids, IA","Cedar Rapids, IA Urbanized Area",75,G3500,U,S,216184636,1982830,41.9985966,-91.6633082
1818,38.2993,-81.5654,WV,,15481,15481,"Charleston, WV","Charleston, WV Urbanized Area",75,G3500,U,S,254406762,18604683,38.3804208,-81.690908
1430,41.116,-104.8338,WY,,16237,16237,"Cheyenne, WY","Cheyenne, WY Urbanized Area",75,G3500,U,S,91039492,282335,41.1410903,-104.8061177
1770,41.83256,-87.68829,IL,,16264,16264,"Chicago, IL--IN","Chicago, IL--IN Urbanized Area",75,G3500,U,S,6323669758,108231506,41.8271261,-87.8954275
1771,41.63136,-87.66858,IL,,16264,16264,"Chicago, IL--IN","Chicago, IL--IN Urbanized Area",75,G3500,U,S,6323669758,108231506,41.8271261,-87.8954275
1772,41.71623,-87.80321,IL,,16264,16264,"Chicago, IL--IN","Chicago, IL--IN Urbanized Area",75,G3500,U,S,6323669758,108231506,41.8271261,-87.8954275
1813,41.5906,-87.2584,IN,,16264,16264,"Chicago, IL--IN","Chicago, IL--IN Urbanized Area",75,G3500,U,S,6323669758,108231506,41.8271261,-87.8954275
1822,41.5053,-88.1502,IL,,16264,16264,"Chicago, IL--IN","Chicago, IL--IN Urbanized Area",75,G3500,U,S,6323669758,108231506,41.8271261,-87.8954275
1922,39.1713,-84.5029,OH,,16885,16885,"Cincinnati, OH--KY--IN","Cincinnati, OH--KY--IN Urbanized Area",75,G3500,U,S,2040413701,24386251,39.185505,-84.4620433
1659,39.2908,-80.3648,WV,,17236,17236,"Clarksburg, WV","Clarksburg, WV Urban Cluster",76,G3500,C,S,99730514,264546,39.2682219,-80.382415
1661,32.4129,-99.4985,TX,,18262,18262,"Clyde, TX","Clyde, TX Urban Cluster",76,G3500,C,S,7357848,0,32.4040322,-99.4987609
1549,35.37392,-80.66296,NC,,19558,19558,"Concord, NC","Concord, NC Urbanized Area",75,G3500,U,S,467100260,1293759,35.4896025,-80.5806679
1611,36.137,-85.5331,TN,,19828,19828,"Cookeville, TN","Cookeville, TN Urban Cluster",76,G3500,C,S,115248011,246302,36.1618226,-85.5155523
1665,32.9207,-97.6014,TX,,22042,22042,"Dallas--Fort Worth--Arlington, TX","Dallas--Fort Worth--Arlington, TX Urbanized Area",75,G3500,U,S,4610059371,92155358,32.8127265,-96.9720007
1692,32.91627,-96.74437,TX,,22042,22042,"Dallas--Fort Worth--Arlington, TX","Dallas--Fort Worth--Arlington, TX Urbanized Area",75,G3500,U,S,4610059371,92155358,32.8127265,-96.9720007
1702,32.75102,-96.77111,TX,,22042,22042,"Dallas--Fort Worth--Arlington, TX","Dallas--Fort Worth--Arlington, TX Urbanized Area",75,G3500,U,S,4610059371,92155358,32.8127265,-96.9720007
909,32.722,-96.615,TX,,22042,22042,"Dallas--Fort Worth--Arlington, TX","Dallas--Fort Worth--Arlington, TX Urbanized Area",75,G3500,U,S,4610059371,92155358,32.8127265,-96.9720007
1571,32.49544,-97.28744,TX,,22042,22042,"Dallas--Fort Worth--Arlington, TX","Dallas--Fort Worth--Arlington, TX Urbanized Area",75,G3500,U,S,4610059371,92155358,32.8127265,-96.9720007
1654,40.1056,-87.6416,IL,,22204,22204,"Danville, IL","Danville, IL Urbanized Area",75,G3500,U,S,77199269,2020809,40.1185985,-87.6331189
1709,39.70803,-84.21846,OH,,22528,22528,"Dayton, OH","Dayton, OH Urbanized Area",75,G3500,U,S,910287136,5082242,39.7549111,-84.1681451
1713,39.79939,-84.10845,OH,,22528,22528,"Dayton, OH","Dayton, OH Urbanized Area",75,G3500,U,S,910287136,5082242,39.7549111,-84.1681451
912,39.5721,-84.2541,OH,,22528,22528,"Dayton, OH","Dayton, OH Urbanized Area",75,G3500,U,S,910287136,5082242,39.7549111,-84.1681451
1893,39.8,-105.0367,CO,,23527,23527,"Denver--Aurora, CO","Denver--Aurora, CO Urbanized Area",75,G3500,U,S,1728900798,35525144,39.7107736,-104.9550955
1693,42.38021,-83.19551,MI,,23824,23824,"Detroit, MI","Detroit, MI Urbanized Area",75,G3500,U,S,-833850913,93835207,42.4900049,-83.227554
1701,42.40879,-83.0821,MI,,23824,23824,"Detroit, MI","Detroit, MI Urbanized Area",75,G3500,U,S,-833850913,93835207,42.4900049,-83.227554
1438,42.0627,-83.2563,MI,,23824,23824,"Detroit, MI","Detroit, MI Urbanized Area",75,G3500,U,S,-833850913,93835207,42.4900049,-83.227554
1789,42.5424,-82.8849,MI,,23824,23824,"Detroit, MI","Detroit, MI Urbanized Area",75,G3500,U,S,-833850913,93835207,42.4900049,-83.227554
1769,35.98673,-119.29728,CA,,25579,25579,"Earlimart, CA","Earlimart, CA Urban Cluster",76,G3500,C,S,13034326,0,35.9238147,-119.278771
1668,44.8428,-91.5994,WI,,26038,26038,"Eau Claire, WI","Eau Claire, WI Urbanized Area",75,G3500,U,S,178650248,12883114,44.8608618,-91.4471896
1358,32.7933,-115.5267,CA,,26416,26416,"El Centro--Calexico, CA","El Centro--Calexico, CA Urbanized Area",75,G3500,U,S,77884335,45518,32.7690553,-115.5463493
1117,40.87419,-115.72249,NV,,26902,26902,"Elko, NV","Elko, NV Urban Cluster",76,G3500,C,S,26583184,0,40.8367778,-115.7728111
1745,31.76191,-106.485,TX,City poster campaign,27253,27253,"El Paso, TX--NM","El Paso, TX--NM Urbanized Area",75,G3500,U,S,648980956,2974600,31.7802389,-106.3890313
777,31.7446,-106.3309,TX,,27253,27253,"El Paso, TX--NM","El Paso, TX--NM Urbanized Area",75,G3500,U,S,648980956,2974600,31.7802389,-106.3890313
1686,44.06083,-123.13426,OR,,28117,28117,"Eugene, OR","Eugene, OR Urbanized Area",75,G3500,U,S,224451611,982581,44.0659945,-123.0766361
1703,44.0614,-123.0217,OR,,28117,28117,"Eugene, OR","Eugene, OR Urbanized Area",75,G3500,U,S,224451611,982581,44.0659945,-123.0766361
488,38.0078,-87.4688,IN,,28333,28333,"Evansville, IN--KY","Evansville, IN--KY Urbanized Area",75,G3500,U,S,307653308,3245579,37.9785385,-87.5373933
1409,37.9601,-87.449,IN,,28333,28333,"Evansville, IN--KY","Evansville, IN--KY Urbanized Area",75,G3500,U,S,307653308,3245579,37.9785385,-87.5373933
1895,38.21228,-122.14329,CA,,28657,28657,"Fairfield, CA","Fairfield, CA Urbanized Area",75,G3500,U,S,102312298,336015,38.2591432,-122.0360609
525,46.8507,-96.84,ND,,29089,29089,"Fargo, ND--MN","Fargo, ND--MN Urbanized Area",75,G3500,U,S,181793098,131153,46.8624502,-96.8206801
1735,39.61442,-119.25286,NV,,29656,29656,"Fernley, NV","Fernley, NV Urban Cluster",76,G3500,C,S,26695192,0,39.5980475,-119.2289749
1834,41.01495,-83.68666,OH,,29737,29737,"Findlay, OH","Findlay, OH Urban Cluster",76,G3500,C,S,61859275,311419,41.0525661,-83.6405802
1598,30.4108,-86.76,FL,,31060,31060,"Fort Walton Beach--Navarre--Wright, FL","Fort Walton Beach--Navarre--Wright, FL Urbanized Area",75,G3500,U,S,312438746,26270072,30.4326265,-86.6696113
497,33.996,-86.053,AL,,32113,32113,"Gadsden, AL","Gadsden, AL Urbanized Area",75,G3500,U,S,186453384,7387228,33.9821711,-86.0137535
321,36.03257,-79.80831,NC,,35164,35164,"Greensboro, NC","Greensboro, NC Urbanized Area",75,G3500,U,S,479798426,10854783,36.0973017,-79.8439527
1538,36.04736,-79.76809,NC,,35164,35164,"Greensboro, NC","Greensboro, NC Urbanized Area",75,G3500,U,S,479798426,10854783,36.0973017,-79.8439527
1542,36.0763,-79.89725,NC,,35164,35164,"Greensboro, NC","Greensboro, NC Urbanized Area",75,G3500,U,S,479798426,10854783,36.0973017,-79.8439527
1548,36.03755,-79.79978,NC,,35164,35164,"Greensboro, NC","Greensboro, NC Urbanized Area",75,G3500,U,S,479798426,10854783,36.0973017,-79.8439527
1596,40.3292,-76.7723,PA,,37081,37081,"Harrisburg, PA","Harrisburg, PA Urbanized Area",75,G3500,U,S,672630669,21912779,40.245625,-76.8661499
1763,41.7489,-72.6575,CT,,37243,37243,"Hartford, CT","Hartford, CT Urbanized Area",75,G3500,U,S,1337070337,23419752,41.740122,-72.69883
1897,41.78201,-72.66366,CT,,37243,37243,"Hartford, CT","Hartford, CT Urbanized Area",75,G3500,U,S,1337070337,23419752,41.740122,-72.69883
1632,31.3933,-89.3817,WY,,37594,37594,"Hattiesburg, MS","Hattiesburg, MS Urbanized Area",75,G3500,U,S,178544015,3802325,31.3185423,-89.3431472
1636,31.3839,-89.3711,MS,,37594,37594,"Hattiesburg, MS","Hattiesburg, MS Urbanized Area",75,G3500,U,S,178544015,3802325,31.3185423,-89.3431472
1737,46.59206,-111.96241,MT,,38161,38161,"Helena, MT","Helena, MT Urban Cluster",76,G3500,C,S,72922756,284645,46.6141093,-111.9934557
1645,35.87647,-81.50919,NC,,38647,38647,"Hickory, NC","Hickory, NC Urbanized Area",75,G3500,U,S,677446685,9639820,35.7549203,-81.4210528
1540,35.70323,-81.25368,NC,,38647,38647,"Hickory, NC","Hickory, NC Urbanized Area",75,G3500,U,S,677446685,9639820,35.7549203,-81.4210528
1752,29.80974,-95.33946,TX,,40429,40429,"Houston, TX","Houston, TX Urbanized Area",75,G3500,U,S,4302426446,85378180,29.7843079,-95.3935305
1796,30.04269,-95.42929,TX,,40429,40429,"Houston, TX","Houston, TX Urbanized Area",75,G3500,U,S,4302426446,85378180,29.7843079,-95.3935305
1841,29.7733,-95.23808,TX,,40429,40429,"Houston, TX","Houston, TX Urbanized Area",75,G3500,U,S,4302426446,85378180,29.7843079,-95.3935305
1590,34.6811,-86.5779,AL,,40780,40780,"Huntsville, AL","Huntsville, AL Urbanized Area",75,G3500,U,S,543239405,2684880,34.741669,-86.6392328
1920,39.81498,-86.03188,IN,,41212,41212,"Indianapolis, IN","Indianapolis, IN Urbanized Area",75,G3500,U,S,1827805649,31968825,39.8112618,-86.1455205
1597,32.2994,-90.2768,MS,,42211,42211,"Jackson, MS","Jackson, MS Urbanized Area",75,G3500,U,S,627928367,17276667,32.3276874,-90.1567063
1694,30.33384,-81.67015,FL,,42346,42346,"Jacksonville, FL","Jacksonville, FL Urbanized Area",75,G3500,U,S,1375532198,198372837,30.2401397,-81.6427404
1792,30.27037,-81.76844,CA,,42346,42346,"Jacksonville, FL","Jacksonville, FL Urbanized Area",75,G3500,U,S,1375532198,198372837,30.2401397,-81.6427404
716,42.7311,-114.5587,ID,,43048,43048,"Jerome, ID","Jerome, ID Urban Cluster",76,G3500,C,S,11436673,0,42.7260688,-114.5197955
1700,39.12654,-94.49652,MO,,43912,43912,"Kansas City, MO--KS","Kansas City, MO--KS Urbanized Area",75,G3500,U,S,1755644335,18197068,39.0397922,-94.5948974
1711,39.15426,-94.50683,MO,,43912,43912,"Kansas City, MO--KS","Kansas City, MO--KS Urbanized Area",75,G3500,U,S,1755644335,18197068,39.0397922,-94.5948974
1679,36.5483,-82.5828,TN,,45235,45235,"Kingsport, TN--VA","Kingsport, TN--VA Urbanized Area",75,G3500,U,S,294145519,3188131,36.5205269,-82.5475476
1697,28.32197,-81.47145,FL,,45451,45451,"Kissimmee, FL","Kissimmee, FL Urbanized Area",75,G3500,U,S,409599343,9644522,28.2948387,-81.380956
1884,30.2556,-92.0279,LA,,46045,46045,"Lafayette, LA","Lafayette, LA Urbanized Area",75,G3500,U,S,462933510,1223464,30.1652466,-92.0134627
1811,39.9993,-76.0664,PA,,47530,47530,"Lancaster, PA","Lancaster, PA Urbanized Area",75,G3500,U,S,641201615,7639330,40.0999008,-76.3151495
1902,40.0827,-76.3645,PA,,47530,47530,"Lancaster, PA","Lancaster, PA Urbanized Area",75,G3500,U,S,641201615,7639330,40.0999008,-76.3151495
785,41.2994,-105.6035,WY,,47827,47827,"Laramie, WY","Laramie, WY Urban Cluster",76,G3500,C,S,47511854,56631,41.3164653,-105.6046425
1432,41.2942,-105.5803,WY,,47827,47827,"Laramie, WY","Laramie, WY Urban Cluster",76,G3500,C,S,47511854,56631,41.3164653,-105.6046425
1749,36.17298,-115.15283,NV,,47995,47995,"Las Vegas--Henderson, NV","Las Vegas--Henderson, NV Urbanized Area",75,G3500,U,S,1080061639,245983,36.1348929,-115.1672179
1900,36.06625,-115.17977,NV,,47995,47995,"Las Vegas--Henderson, NV","Las Vegas--Henderson, NV Urbanized Area",75,G3500,U,S,1080061639,245983,36.1348929,-115.1672179
787,34.6167,-92.5013,AR,,50392,50392,"Little Rock, AR","Little Rock, AR Urbanized Area",75,G3500,U,S,667728274,10845763,34.7565639,-92.3212212
1604,34.83773,-92.16374,AR,,50392,50392,"Little Rock, AR","Little Rock, AR Urbanized Area",75,G3500,U,S,667728274,10845763,34.7565639,-92.3212212
1528,34.00028,-118.17431,CA,,51445,51445,"Los Angeles--Long Beach--Anaheim, CA","Los Angeles--Long Beach--Anaheim, CA Urbanized Area",75,G3500,U,S,4496385860,60891665,33.9826675,-118.1043319
1532,33.87333,-118.23083,CA,,51445,51445,"Los Angeles--Long Beach--Anaheim, CA","Los Angeles--Long Beach--Anaheim, CA Urbanized Area",75,G3500,U,S,4496385860,60891665,33.9826675,-118.1043319
1575,33.91667,-118.22385,CA,,51445,51445,"Los Angeles--Long Beach--Anaheim, CA","Los Angeles--Long Beach--Anaheim, CA Urbanized Area",75,G3500,U,S,4496385860,60891665,33.9826675,-118.1043319
1908,34.05245,-118.24394,CA,City poster campaign,51445,51445,"Los Angeles--Long Beach--Anaheim, CA","Los Angeles--Long Beach--Anaheim, CA Urbanized Area",75,G3500,U,S,4496385860,60891665,33.9826675,-118.1043319
1921,33.87315,-118.21989,CA,,51445,51445,"Los Angeles--Long Beach--Anaheim, CA","Los Angeles--Long Beach--Anaheim, CA Urbanized Area",75,G3500,U,S,4496385860,60891665,33.9826675,-118.1043319
1682,37.482,-79.1186,VA,,52201,52201,"Lynchburg, VA","Lynchburg, VA Urbanized Area",75,G3500,U,S,229875716,1403994,37.3908092,-79.2070531
1579,33.17587,-96.51317,TX,,52687,52687,"McKinney, TX","McKinney, TX Urbanized Area",75,G3500,U,S,191756701,1870305,33.2043228,-96.676585
1513,42.97345,-71.45881,NH,,53740,53740,"Manchester, NH","Manchester, NH Urbanized Area",75,G3500,U,S,223341716,4177895,42.9910433,-71.4796655
1642,35.4518,-86.0499,TN,,53767,53767,"Manchester, TN","Manchester, TN Urban Cluster",76,G3500,C,S,27524800,12682,35.4801173,-86.0724633
1830,40.77871,-82.46124,OH,,54091,54091,"Mansfield, OH","Mansfield, OH Urbanized Area",75,G3500,U,S,130249525,273944,40.7551769,-82.5303804
1861,34.68781,-82.21582,SC,,55603,55603,"Mauldin--Simpsonville, SC","Mauldin--Simpsonville, SC Urbanized Area",75,G3500,U,S,216481828,1337626,34.7666525,-82.2559376
1699,35.19364,-89.99582,TN,,56116,56116,"Memphis, TN--MS--AR","Memphis, TN--MS--AR Urbanized Area",75,G3500,U,S,1288310097,9367344,35.0950711,-89.9178569
1253,32.3497,-88.7337,MS,,56305,56305,"Meridian, MS","Meridian, MS Urban Cluster",76,G3500,C,S,83662557,863509,32.3902305,-88.6997151
1925,26.69209,-80.06804,FL,,56602,56602,"Miami, FL","Miami, FL Urbanized Area",75,G3500,U,S,-1106624030,211327244,26.1756162,-80.2314282
1551,33.10695,-83.25699,GA,,57223,57223,"Milledgeville, GA","Milledgeville, GA Urban Cluster",76,G3500,C,S,88120292,1957764,33.1082986,-83.2467515
1913,43.03886,-87.90672,WI,City poster campaign,57466,57466,"Milwaukee, WI","Milwaukee, WI Urbanized Area",75,G3500,U,S,1413106518,49423034,43.0556541,-88.1004916
320,37.65487,-121.02648,CA,,58006,58006,"Modesto, CA","Modesto, CA Urbanized Area",75,G3500,U,S,238605116,941700,37.6744513,-120.9658607
1353,32.5227,-92.0817,LA,,58330,58330,"Monroe, LA","Monroe, LA Urbanized Area",75,G3500,U,S,212214337,5019519,32.5209695,-92.1172495
1589,33.7461,-78.9579,SC,,60895,60895,"Myrtle Beach--Socastee, SC--NC","Myrtle Beach--Socastee, SC--NC Urbanized Area",75,G3500,U,S,494514525,8738002,33.7637031,-78.8505278
1628,33.6199,-79.0047,SC,,60895,60895,"Myrtle Beach--Socastee, SC--NC","Myrtle Beach--Socastee, SC--NC Urbanized Area",75,G3500,U,S,494514525,8738002,33.7637031,-78.8505278
1935,41.27825,-72.96534,CT,,62407,62407,"New Haven, CT","New Haven, CT Urbanized Area",75,G3500,U,S,792598022,15833342,41.3549384,-72.7490767
1605,30.0051,-90.2431,LA,,62677,62677,"New Orleans, LA","New Orleans, LA Urbanized Area",75,G3500,U,S,651082661,44563281,29.9546534,-90.143683
1778,29.89307,-90.12428,LA,,62677,62677,"New Orleans, LA","New Orleans, LA Urbanized Area",75,G3500,U,S,651082661,44563281,29.9546534,-90.143683
1924,29.9573,-90.0916,LA,,62677,62677,"New Orleans, LA","New Orleans, LA Urbanized Area",75,G3500,U,S,651082661,44563281,29.9546534,-90.143683
1748,40.62206,-74.21642,NJ,,63217,63217,"New York--Newark, NY--NJ--CT","New York--Newark, NY--NJ--CT Urbanized Area",75,G3500,U,S,8934395320,534802578,40.7183569,-73.9702209
1518,40.8301,-73.8511,NY,,63217,63217,"New York--Newark, NY--NJ--CT","New York--Newark, NY--NJ--CT Urbanized Area",75,G3500,U,S,8934395320,534802578,40.7183569,-73.9702209
1529,40.7142,-74.13813,NJ,,63217,63217,"New York--Newark, NY--NJ--CT","New York--Newark, NY--NJ--CT Urbanized Area",75,G3500,U,S,8934395320,534802578,40.7183569,-73.9702209
1553,40.72581,-74.14038,NJ,,63217,63217,"New York--Newark, NY--NJ--CT","New York--Newark, NY--NJ--CT Urbanized Area",75,G3500,U,S,8934395320,534802578,40.7183569,-73.9702209
1562,40.75195,-74.16795,NJ,,63217,63217,"New York--Newark, NY--NJ--CT","New York--Newark, NY--NJ--CT Urbanized Area",75,G3500,U,S,8934395320,534802578,40.7183569,-73.9702209
1901,40.61946,-74.21799,NJ,,63217,63217,"New York--Newark, NY--NJ--CT","New York--Newark, NY--NJ--CT Urbanized Area",75,G3500,U,S,8934395320,534802578,40.7183569,-73.9702209
1936,40.7381,-74.1254,NJ,,63217,63217,"New York--Newark, NY--NJ--CT","New York--Newark, NY--NJ--CT Urbanized Area",75,G3500,U,S,8934395320,534802578,40.7183569,-73.9702209
732,45.5085,-92.9923,MN,,63541,63541,"North Branch, MN","North Branch, MN Urban Cluster",76,G3500,C,S,14384138,23248,45.4983854,-92.9907705
1718,41.32544,-112.03005,UT,,64945,64945,"Ogden--Layton, UT","Ogden--Layton, UT Urbanized Area",75,G3500,U,S,563923514,1159756,41.1230763,-111.9748985
1719,41.32,-112.02761,UT,,64945,64945,"Ogden--Layton, UT","Ogden--Layton, UT Urbanized Area",75,G3500,U,S,563923514,1159756,41.1230763,-111.9748985
1723,40.83597,-111.91712,UT,,64945,64945,"Ogden--Layton, UT","Ogden--Layton, UT Urbanized Area",75,G3500,U,S,563923514,1159756,41.1230763,-111.9748985
1725,41.20595,-111.97107,UT,,64945,64945,"Ogden--Layton, UT","Ogden--Layton, UT Urbanized Area",75,G3500,U,S,563923514,1159756,41.1230763,-111.9748985
1584,35.554,-97.4566,OK,,65080,65080,"Oklahoma City, OK","Oklahoma City, OK Urbanized Area",75,G3500,U,S,1063589257,20248229,35.5048258,-97.524305
1613,35.3913,-97.4209,OK,,65080,65080,"Oklahoma City, OK","Oklahoma City, OK Urbanized Area",75,G3500,U,S,1063589257,20248229,35.5048258,-97.524305
1823,35.4617,-97.5724,OK,,65080,65080,"Oklahoma City, OK","Oklahoma City, OK Urbanized Area",75,G3500,U,S,1063589257,20248229,35.5048258,-97.524305
742,41.2219,-96.0032,NE,,65269,65269,"Omaha, NE--IA","Omaha, NE--IA Urbanized Area",75,G3500,U,S,702336136,12686026,41.2348594,-96.0346411
1267,41.22213,-96.00049,NE,,65269,65269,"Omaha, NE--IA","Omaha, NE--IA Urbanized Area",75,G3500,U,S,702336136,12686026,41.2348594,-96.0346411
1607,30.5196,-92.0694,LA,,65593,65593,"Opelousas, LA","Opelousas, LA Urban Cluster",76,G3500,C,S,47537480,57044,30.5359886,-92.0845386
1707,28.55553,-81.11413,FL,,65863,65863,"Orlando, FL","Orlando, FL Urbanized Area",75,G3500,U,S,1547812187,141919580,28.5844338,-81.4111837
1648,37.0677,-88.6089,KY,,66781,66781,"Paducah, KY--IL","Paducah, KY--IL Urban Cluster",76,G3500,C,S,117709484,3403697,37.0540803,-88.6263916
1655,37.069,-88.6114,KY,,66781,66781,"Paducah, KY--IL","Paducah, KY--IL Urban Cluster",76,G3500,C,S,117709484,3403697,37.0540803,-88.6263916
1404,37.06002,-88.59278,KY,,66781,66781,"Paducah, KY--IL","Paducah, KY--IL Urban Cluster",76,G3500,C,S,117709484,3403697,37.0540803,-88.6263916
1405,37.08276,-88.66583,KY,,66781,66781,"Paducah, KY--IL","Paducah, KY--IL Urban Cluster",76,G3500,C,S,117709484,3403697,37.0540803,-88.6263916
1580,29.63303,-81.58863,FL,,67051,67051,"Palatka, FL","Palatka, FL Urban Cluster",76,G3500,C,S,58693202,461582,29.6351736,-81.6520463
1546,42.17637,-86.30061,MI,,68106,68106,"Paw Paw Lake--Hartford, MI","Paw Paw Lake--Hartford, MI Urban Cluster",76,G3500,C,S,28169616,547331,42.1972319,-86.2558869
1877,33.5957,-86.1996,AL,,68374,68374,"Pell City, AL","Pell City, AL Urban Cluster",76,G3500,C,S,38920111,5772906,33.5729975,-86.2677823
1631,30.4428,-87.2525,FL,,68482,68482,"Pensacola, FL--AL","Pensacola, FL--AL Urbanized Area",75,G3500,U,S,602660164,15971079,30.4852697,-87.2534224
1672,30.4126,-87.2492,FL,,68482,68482,"Pensacola, FL--AL","Pensacola, FL--AL Urbanized Area",75,G3500,U,S,602660164,15971079,30.4852697,-87.2534224
1750,40.01549,-75.05484,PA,,69076,69076,"Philadelphia, PA--NJ--DE--MD","Philadelphia, PA--NJ--DE--MD Urbanized Area",75,G3500,U,S,5131722319,127852361,39.9733309,-75.2981634
1753,39.65167,-75.7135,DE,,69076,69076,"Philadelphia, PA--NJ--DE--MD","Philadelphia, PA--NJ--DE--MD Urbanized Area",75,G3500,U,S,5131722319,127852361,39.9733309,-75.2981634
1559,39.99716,-75.03332,NJ,,69076,69076,"Philadelphia, PA--NJ--DE--MD","Philadelphia, PA--NJ--DE--MD Urbanized Area",75,G3500,U,S,5131722319,127852361,39.9733309,-75.2981634
1565,39.73121,-75.62161,DE,,69076,69076,"Philadelphia, PA--NJ--DE--MD","Philadelphia, PA--NJ--DE--MD Urbanized Area",75,G3500,U,S,5131722319,127852361,39.9733309,-75.2981634
1573,33.43711,-112.12322,AZ,,69184,69184,"Phoenix--Mesa, AZ","Phoenix--Mesa, AZ Urbanized Area",75,G3500,U,S,-1326662228,12763258,33.4940669,-111.9700406
1926,33.42356,-112.02453,AZ,,69184,69184,"Phoenix--Mesa, AZ","Phoenix--Mesa, AZ Urbanized Area",75,G3500,U,S,-1326662228,12763258,33.4940669,-111.9700406
1847,42.91237,-112.50563,ID,,70426,70426,"Pocatello, ID","Pocatello, ID Urbanized Area",75,G3500,U,S,80251591,218302,42.8832824,-112.4468211
1850,42.82097,-112.38922,ID,,70426,70426,"Pocatello, ID","Pocatello, ID Urbanized Area",75,G3500,U,S,80251591,218302,42.8832824,-112.4468211
1630,30.1212,-93.7866,TX,,70993,70993,"Port Arthur, TX","Port Arthur, TX Urbanized Area",75,G3500,U,S,273752262,12628752,29.9930329,-93.868202
1870,30.1228,-93.8442,TX,,70993,70993,"Port Arthur, TX","Port Arthur, TX Urbanized Area",75,G3500,U,S,273752262,12628752,29.9930329,-93.868202
268,43.63412,-70.33793,ME,,71263,71263,"Portland, ME","Portland, ME Urbanized Area",75,G3500,U,S,352631519,13397590,43.6637222,-70.3220877
1903,43.63346,-70.33699,ME,,71263,71263,"Portland, ME","Portland, ME Urbanized Area",75,G3500,U,S,352631519,13397590,43.6637222,-70.3220877
1917,45.52313,-122.67654,OR,,71317,71317,"Portland, OR--WA","Portland, OR--WA Urbanized Area",75,G3500,U,S,1358099981,34901198,45.5204041,-122.6510867
1568,27.37767,-80.38623,FL,,71479,71479,"Port St. Lucie, FL","Port St. Lucie, FL Urbanized Area",75,G3500,U,S,538936051,53062503,27.2644814,-80.3029517
1527,41.82459,-71.40981,RI,City poster campaign,72505,72505,"Providence, RI--MA","Providence, RI--MA Urbanized Area",75,G3500,U,S,1411765763,85192628,41.776323,-71.3974011
1894,41.69158,-71.14431,MA,,72505,72505,"Providence, RI--MA","Providence, RI--MA Urbanized Area",75,G3500,U,S,1411765763,85192628,41.776323,-71.3974011
1898,41.7998,-71.4011,RI,,72505,72505,"Providence, RI--MA","Providence, RI--MA Urbanized Area",75,G3500,U,S,1411765763,85192628,41.776323,-71.3974011
1716,40.25263,-111.69579,UT,,72559,72559,"Provo--Orem, UT","Provo--Orem, UT Urbanized Area",75,G3500,U,S,437446590,475933,40.2764886,-111.7345586
1829,38.27397,-104.55463,CO,,72613,72613,"Pueblo, CO","Pueblo, CO Urbanized Area",75,G3500,U,S,192543470,2016767,38.2791189,-104.6404721
1809,44.1566,-103.3119,SD,,73396,73396,"Rapid City, SD","Rapid City, SD Urbanized Area",75,G3500,U,S,109231665,163712,44.0836997,-103.2445575
1608,30.2519,-92.2623,LA,,73639,73639,"Rayne, LA","Rayne, LA Urban Cluster",76,G3500,C,S,13157668,0,30.2378576,-92.2594386
1726,39.61748,-119.87152,NV,,74179,74179,"Reno, NV--CA","Reno, NV--CA Urbanized Area",75,G3500,U,S,425863263,1515969,39.5325746,-119.7972555
1793,39.52803,-119.83116,NV,,74179,74179,"Reno, NV--CA","Reno, NV--CA Urbanized Area",75,G3500,U,S,425863263,1515969,39.5325746,-119.7972555
1765,37.2412,-77.3951,VA,,74746,74746,"Richmond, VA","Richmond, VA Urbanized Area",75,G3500,U,S,1275448794,22249101,37.4779416,-77.4879829
1766,37.5142,-77.426,VA,,74746,74746,"Richmond, VA","Richmond, VA Urbanized Area",75,G3500,U,S,1275448794,22249101,37.4779416,-77.4879829
1825,37.5148,-77.4262,VA,,74746,74746,"Richmond, VA","Richmond, VA Urbanized Area",75,G3500,U,S,1275448794,22249101,37.4779416,-77.4879829
1684,43.31407,-123.34727,OR,,76339,76339,"Roseburg, OR","Roseburg, OR Urban Cluster",76,G3500,C,S,49865666,1331086,43.2193966,-123.3467661
1687,43.14855,-123.37451,OR,,76339,76339,"Roseburg, OR","Roseburg, OR Urban Cluster",76,G3500,C,S,49865666,1331086,43.2193966,-123.3467661
1821,43.4094,-83.8904,MI,,77149,77149,"Saginaw, MI","Saginaw, MI Urbanized Area",75,G3500,U,S,184441846,2883974,43.4319404,-83.9818176
1774,38.62638,-90.13886,IL,,77770,77770,"St. Louis, MO--IL","St. Louis, MO--IL Urbanized Area",75,G3500,U,S,-1903174198,29388733,38.6307051,-90.3409258
1777,38.76401,-90.33797,MO,,77770,77770,"St. Louis, MO--IL","St. Louis, MO--IL Urbanized Area",75,G3500,U,S,-1903174198,29388733,38.6307051,-90.3409258
1909,38.65302,-90.38355,MO,City poster campaign,77770,77770,"St. Louis, MO--IL","St. Louis, MO--IL Urbanized Area",75,G3500,U,S,-1903174198,29388733,38.6307051,-90.3409258
1720,40.7236,-112.04506,UT,,78499,78499,"Salt Lake City--West Valley City, UT","Salt Lake City--West Valley City, UT Urbanized Area",75,G3500,U,S,719695269,553910,40.6408381,-111.9295154
1721,40.72359,-112.04507,UT,,78499,78499,"Salt Lake City--West Valley City, UT","Salt Lake City--West Valley City, UT Urbanized Area",75,G3500,U,S,719695269,553910,40.6408381,-111.9295154
1722,40.72494,-111.93924,UT,,78499,78499,"Salt Lake City--West Valley City, UT","Salt Lake City--West Valley City, UT Urbanized Area",75,G3500,U,S,719695269,553910,40.6408381,-111.9295154
1724,40.70004,-111.85588,UT,,78499,78499,"Salt Lake City--West Valley City, UT","Salt Lake City--West Valley City, UT Urbanized Area",75,G3500,U,S,719695269,553910,40.6408381,-111.9295154
1910,40.7607,-111.89102,UT,City poster campaign,78499,78499,"Salt Lake City--West Valley City, UT","Salt Lake City--West Valley City, UT Urbanized Area",75,G3500,U,S,719695269,553910,40.6408381,-111.9295154
1751,29.39572,-98.50054,TX,,78580,78580,"San Antonio, TX","San Antonio, TX Urbanized Area",75,G3500,U,S,1546787994,9984964,29.5143992,-98.4753761
1808,29.46975,-98.40564,TX,,78580,78580,"San Antonio, TX","San Antonio, TX Urbanized Area",75,G3500,U,S,1546787994,9984964,29.5143992,-98.4753761
1762,37.72655,-122.19906,CA,,78904,78904,"San Francisco--Oakland, CA","San Francisco--Oakland, CA Urbanized Area",75,G3500,U,S,1356944097,24588870,37.7546453,-122.3832867
1557,37.7536,-122.19391,CA,,78904,78904,"San Francisco--Oakland, CA","San Francisco--Oakland, CA Urbanized Area",75,G3500,U,S,1356944097,24588870,37.7546453,-122.3832867
1911,37.77472,-122.41952,CA,City poster campaign,78904,78904,"San Francisco--Oakland, CA","San Francisco--Oakland, CA Urbanized Area",75,G3500,U,S,1356944097,24588870,37.7546453,-122.3832867
1781,18.4258,-65.9887,PR,,79093,79093,"San Juan, PR","San Juan, PR Urbanized Area",75,G3500,U,S,-2049791411,24373654,18.2881743,-66.1162464
1786,18.4486,-66.0592,PR,,79093,79093,"San Juan, PR","San Juan, PR Urbanized Area",75,G3500,U,S,-2049791411,24373654,18.2881743,-66.1162464
1601,31.9181,-81.3273,GA,,79768,79768,"Savannah, GA","Savannah, GA Urbanized Area",75,G3500,U,S,429017313,13626218,32.0448507,-81.1517316
1603,41.4383,-75.6261,PA,,80227,80227,"Scranton, PA","Scranton, PA Urbanized Area",75,G3500,U,S,442271861,8059602,41.1651799,-76.0315959
1626,41.4263,-75.6109,PA,,80227,80227,"Scranton, PA","Scranton, PA Urbanized Area",75,G3500,U,S,442271861,8059602,41.1651799,-76.0315959
1905,47.2384,-122.4109,WA,,80389,80389,"Seattle, WA","Seattle, WA Urbanized Area",75,G3500,U,S,-1679599060,174132426,47.4684093,-122.2746615
1351,32.4534,-93.8558,LA,,81739,81739,"Shreveport, LA","Shreveport, LA Urbanized Area",75,G3500,U,S,480092346,6228766,32.487288,-93.7562049
1354,32.5334,-93.6573,LA,,81739,81739,"Shreveport, LA","Shreveport, LA Urbanized Area",75,G3500,U,S,480092346,6228766,32.487288,-93.7562049
1585,32.4628,-93.8269,LA,,81739,81739,"Shreveport, LA","Shreveport, LA Urbanized Area",75,G3500,U,S,480092346,6228766,32.487288,-93.7562049
1587,32.4674,-93.814,LA,,81739,81739,"Shreveport, LA","Shreveport, LA Urbanized Area",75,G3500,U,S,480092346,6228766,32.487288,-93.7562049
1591,32.4591,-93.8336,LA,,81739,81739,"Shreveport, LA","Shreveport, LA Urbanized Area",75,G3500,U,S,480092346,6228766,32.487288,-93.7562049
103,40.00841,-79.07808,PA,,82927,82927,"Somerset, PA","Somerset, PA Urban Cluster",76,G3500,C,S,20258271,0,40.0063132,-79.0669158
1860,34.98513,-82.01975,SC,,83548,83548,"Spartanburg, SC","Spartanburg, SC Urbanized Area",75,G3500,U,S,492273748,7738958,34.9748653,-81.989514
1272,47.6752,-117.3117,WA,,83764,83764,"Spokane, WA","Spokane, WA Urbanized Area",75,G3500,U,S,425472677,5150717,47.68043,-117.352257
1715,39.91047,-83.8519,OH,,83980,83980,"Springfield, OH","Springfield, OH Urbanized Area",75,G3500,U,S,126810760,328699,39.9376513,-83.8130079
1424,39.8917,-83.8308,OH,,83980,83980,"Springfield, OH","Springfield, OH Urbanized Area",75,G3500,U,S,126810760,328699,39.9376513,-83.8130079
1577,37.98857,-121.28523,CA,,85087,85087,"Stockton, CA","Stockton, CA Urbanized Area",75,G3500,U,S,239628640,4315865,37.9619075,-121.2875162
1773,37.92791,-121.29413,CA,,85087,85087,"Stockton, CA","Stockton, CA Urbanized Area",75,G3500,U,S,239628640,4315865,37.9619075,-121.2875162
1776,38.01311,-121.25748,CA,,85087,85087,"Stockton, CA","Stockton, CA Urbanized Area",75,G3500,U,S,239628640,4315865,37.9619075,-121.2875162
1444,43.053,-76.2405,NY,,86302,86302,"Syracuse, NY","Syracuse, NY Urbanized Area",75,G3500,U,S,504860782,17368200,43.0904252,-76.1640082
1561,28.0333,-82.47023,FL,,86599,86599,"Tampa--St. Petersburg, FL","Tampa--St. Petersburg, FL Urbanized Area",75,G3500,U,S,-1816050999,210801817,28.0062474,-82.5131884
1567,28.39777,-82.66232,FL,,86599,86599,"Tampa--St. Petersburg, FL","Tampa--St. Petersburg, FL Urbanized Area",75,G3500,U,S,-1816050999,210801817,28.0062474,-82.5131884
1912,27.95053,-82.4573,FL,City poster campaign,86599,86599,"Tampa--St. Petersburg, FL","Tampa--St. Petersburg, FL Urbanized Area",75,G3500,U,S,-1816050999,210801817,28.0062474,-82.5131884
1927,28.06748,-82.45392,FL,,86599,86599,"Tampa--St. Petersburg, FL","Tampa--St. Petersburg, FL Urbanized Area",75,G3500,U,S,-1816050999,210801817,28.0062474,-82.5131884
1560,32.706,-96.284,TX,,87166,87166,"Terrell, TX","Terrell, TX Urban Cluster",76,G3500,C,S,26452135,4882,32.7374819,-96.2944184
1433,41.5351,-83.6456,OH,,87868,87868,"Toledo, OH--MI","Toledo, OH--MI Urbanized Area",75,G3500,U,S,622289904,16561286,41.6396703,-83.6139449
1435,41.5939,-83.5516,OH,,87868,87868,"Toledo, OH--MI","Toledo, OH--MI Urbanized Area",75,G3500,U,S,622289904,16561286,41.6396703,-83.6139449
391,39.0293,-95.6188,KS,,88084,88084,"Topeka, KS","Topeka, KS Urbanized Area",75,G3500,U,S,206039240,3377436,39.0416797,-95.6924588
1262,39.0912,-95.7087,KS,,88084,88084,"Topeka, KS","Topeka, KS Urbanized Area",75,G3500,U,S,206039240,3377436,39.0416797,-95.6924588
1576,32.13479,-110.89127,CA,,88732,88732,"Tucson, AZ","Tucson, AZ Urbanized Area",75,G3500,U,S,915291544,2086650,32.2548912,-110.946141
1519,32.25122,-83.74501,GA,,89425,89425,"Unadilla, GA","Unadilla, GA Urban Cluster",76,G3500,C,S,4562368,32482,32.262534,-83.736874
407,21.30677,-157.85832,HI,,89770,89770,"Urban Honolulu, HI","Urban Honolulu, HI Urbanized Area",75,G3500,U,S,440143777,13045604,21.3645563,-157.9397561
1889,30.87133,-83.33941,GA,,89974,89974,"Valdosta, GA","Valdosta, GA Urbanized Area",75,G3500,U,S,144359982,1943121,30.8756507,-83.2958261
790,31.6282,-97.0965,TX,,91027,91027,"Waco, TX","Waco, TX Urbanized Area",75,G3500,U,S,233672724,1583885,31.542223,-97.1660476
900,38.81873,-91.11085,MO,,91918,91918,"Warrenton, MO","Warrenton, MO Urban Cluster",76,G3500,C,S,16009156,210289,38.8190564,-91.1379334
1252,37.8938,-88.9461,IL,,94051,94051,"West Frankfort, IL","West Frankfort, IL Urban Cluster",76,G3500,C,S,14976283,133137,37.8995142,-88.9323726
463,40.0515,-80.6716,WV,,94726,94726,"Wheeling, WV--OH","Wheeling, WV--OH Urbanized Area",75,G3500,U,S,121713190,8477253,40.05273,-80.7262037
1788,37.636,-97.3933,KS,,95077,95077,"Wichita, KS","Wichita, KS Urbanized Area",75,G3500,U,S,556109134,12296373,37.6797347,-97.3273332
1761,42.24061,-71.74531,MA,,97291,97291,"Worcester, MA--CT","Worcester, MA--CT Urbanized Area",75,G3500,U,S,787872764,33290397,41.8226943,-71.9313486
1600,38.8291,-91.01218,MO,,97352,97352,"Wright City, MO","Wright City, MO Urban Cluster",76,G3500,C,S,5722780,69093,38.8293926,-91.0336541
1767,41.133,-80.7458,OH,,97831,97831,"Youngstown, OH--PA","Youngstown, OH--PA Urbanized Area",75,G3500,U,S,623816242,5327679,41.1447653,-80.6810569
1669,32.733,-114.6328,CA,,98020,98020,"Yuma, AZ--CA","Yuma, AZ--CA Urbanized Area",75,G3500,U,S,152502630,483414,32.6772426,-114.5682802
1712,28.38028,-82.19289,FL,,98182,98182,"Zephyrhills, FL","Zephyrhills, FL Urbanized Area",75,G3500,U,S,112637780,1570957,28.2853717,-82.1989432